,RF,SVM,LASSO,MLPNN,CNN1D,DF
AUC,0.913888888888889,0.8791666666666667,0.6930555555555554,0.85,0.8166666666666667,
MCC,0.32303767028147484,0.5067303707956368,0.10381469742442731,0.5343601485760047,0.3922842914481432,
Precision,0.7780716253443527,0.8456565656565657,0.6551239669421489,0.8521212121212122,0.7909300800209891,
Recall,0.8272727272727274,0.8454545454545455,0.781818181818182,0.8363636363636363,0.781818181818182,
F1,0.7800966319542171,0.8288032023016543,0.7027006911217437,0.8293513641501258,0.7701477194975648,
AUPR,0.7987500000000001,0.6982638888888888,0.5964303751803751,0.7246362433862434,0.5663293650793652,
Accuracy,0.8272727272727274,0.8454545454545455,0.781818181818182,0.8363636363636363,0.781818181818182,
