,Run_0_CV_0,Run_0_CV_1,Run_0_CV_2,Run_0_CV_3,Run_0_CV_4,Run_0_CV_5,Run_0_CV_6,Run_0_CV_7,Run_0_CV_8,Run_0_CV_9
AUC,0.4444444444444444,0.9444444444444444,0.9444444444444444,0.8888888888888888,0.6111111111111112,1.0,0.7083333333333333,0.9166666666666666,0.8333333333333334,0.875
MCC,-0.14907119849998599,0.3563483225498992,0.769800358919501,0.3888888888888889,0.3888888888888889,1.0,0.0,0.24056261216234406,0.38575837490522974,0.5416666666666666
Precision,0.6545454545454545,0.8701298701298701,0.9393939393939394,0.8181818181818182,0.8181818181818182,1.0,0.5289256198347108,0.702020202020202,0.7597402597402598,0.8181818181818182
Recall,0.7272727272727273,0.5454545454545454,0.9090909090909091,0.8181818181818182,0.8181818181818182,1.0,0.7272727272727273,0.7272727272727273,0.7272727272727273,0.8181818181818182
F1,0.6889952153110048,0.5843045843045842,0.9155080213903743,0.8181818181818182,0.8181818181818182,1.0,0.6124401913875599,0.7080213903743316,0.7376623376623376,0.8181818181818182
AUPR,0.15476190476190474,0.7916666666666666,0.7916666666666666,0.41666666666666663,0.2232142857142857,1.0,0.3492063492063492,0.7638888888888888,0.4611111111111111,0.711111111111111
Accuracy,0.7272727272727273,0.5454545454545454,0.9090909090909091,0.8181818181818182,0.8181818181818182,1.0,0.7272727272727273,0.7272727272727273,0.7272727272727273,0.8181818181818182
