,Run_0_CV_0,Run_0_CV_1,Run_0_CV_2,Run_0_CV_3,Run_0_CV_4,Run_0_CV_5,Run_0_CV_6,Run_0_CV_7,Run_0_CV_8,Run_0_CV_9
AUC,1.0,0.0,0.5555555555555556,0.5555555555555556,0.9444444444444444,0.8333333333333333,0.8333333333333334,0.75,0.5,0.9583333333333334
MCC,0.6708203932499369,-0.14907119849998599,0.0,0.0,0.0,0.0,0.0,0.5163977794943222,0.0,0.0
Precision,0.9181818181818181,0.6545454545454545,0.6694214876033059,0.6694214876033059,0.6694214876033059,0.5289256198347108,0.5289256198347108,0.8545454545454546,0.5289256198347108,0.5289256198347108
Recall,0.9090909090909091,0.7272727272727273,0.8181818181818182,0.8181818181818182,0.8181818181818182,0.7272727272727273,0.7272727272727273,0.8181818181818182,0.7272727272727273,0.7272727272727273
F1,0.8963317384370018,0.6889952153110048,0.7363636363636363,0.7363636363636363,0.7363636363636363,0.6124401913875599,0.6124401913875599,0.7828282828282828,0.6124401913875599,0.6124401913875599
AUPR,1.0,0.09545454545454546,0.5777777777777777,0.17559523809523808,0.7916666666666666,0.6777777777777778,0.6555555555555556,0.5916666666666667,0.496031746031746,0.9027777777777777
Accuracy,0.9090909090909091,0.7272727272727273,0.8181818181818182,0.8181818181818182,0.8181818181818182,0.7272727272727273,0.7272727272727273,0.8181818181818182,0.7272727272727273,0.7272727272727273
