,Run_0_CV_0,Run_0_CV_1,Run_0_CV_2,Run_0_CV_3,Run_0_CV_4,Run_0_CV_5,Run_0_CV_6,Run_0_CV_7,Run_0_CV_8,Run_0_CV_9
AUC,0.7222222222222223,0.8888888888888888,0.7222222222222222,1.0,1.0,1.0,0.41666666666666663,0.8333333333333334,0.9583333333333334,0.9583333333333334
MCC,-0.2222222222222222,0.3888888888888889,0.6708203932499369,1.0,0.769800358919501,0.8100925873009825,0.08333333333333333,0.5163977794943222,0.5163977794943222,0.8100925873009825
Precision,0.6363636363636364,0.8181818181818182,0.9181818181818181,1.0,0.9393939393939394,0.9318181818181818,0.6363636363636364,0.8545454545454546,0.8545454545454546,0.9318181818181818
Recall,0.6363636363636364,0.8181818181818182,0.9090909090909091,1.0,0.9090909090909091,0.9090909090909091,0.6363636363636364,0.8181818181818182,0.8181818181818182,0.9090909090909091
F1,0.6363636363636364,0.8181818181818182,0.8963317384370018,1.0,0.9155080213903743,0.9125541125541126,0.6363636363636364,0.7828282828282828,0.7828282828282828,0.9125541125541126
AUPR,0.24583333333333335,0.7083333333333333,0.6130952380952381,1.0,1.0,1.0,0.21798941798941798,0.6555555555555556,0.9027777777777777,0.9027777777777777
Accuracy,0.6363636363636364,0.8181818181818182,0.9090909090909091,1.0,0.9090909090909091,0.9090909090909091,0.6363636363636364,0.8181818181818182,0.8181818181818182,0.9090909090909091
