,Run_0_CV_0,Run_0_CV_1,Run_0_CV_2,Run_0_CV_3,Run_0_CV_4,Run_0_CV_5,Run_0_CV_6,Run_0_CV_7,Run_0_CV_8,Run_0_CV_9
AUC,0.9444444444444444,0.8333333333333334,0.7777777777777778,1.0,1.0,0.9583333333333333,0.9583333333333334,0.9166666666666666,0.7916666666666666,0.9583333333333334
MCC,0.0,0.6708203932499369,0.0,0.0,0.0,0.769800358919501,0.5163977794943222,0.5163977794943222,0.24056261216234406,0.5163977794943222
Precision,0.6694214876033059,0.9181818181818181,0.6694214876033059,0.6694214876033059,0.6694214876033059,0.9191919191919191,0.8545454545454546,0.8545454545454546,0.702020202020202,0.8545454545454546
Recall,0.8181818181818182,0.9090909090909091,0.8181818181818182,0.8181818181818182,0.8181818181818182,0.9090909090909091,0.8181818181818182,0.8181818181818182,0.7272727272727273,0.8181818181818182
F1,0.7363636363636363,0.8963317384370018,0.7363636363636363,0.7363636363636363,0.7363636363636363,0.9026737967914439,0.7828282828282828,0.7828282828282828,0.7080213903743316,0.7828282828282828
AUPR,0.7916666666666666,0.6625,0.6333333333333333,1.0,1.0,0.9027777777777777,0.9027777777777777,0.7638888888888888,0.42777777777777776,0.9027777777777777
Accuracy,0.8181818181818182,0.9090909090909091,0.8181818181818182,0.8181818181818182,0.8181818181818182,0.9090909090909091,0.8181818181818182,0.8181818181818182,0.7272727272727273,0.8181818181818182
