,RF,SVM,LASSO,MLPNN,CNN1D,DF
AUC,0.916470588235294,0.8588235294117647,0.7411764705882353,0.7364705882352942,0.8352941176470587,
MCC,0.31996378550965343,0.31560608661305245,0.07876346619480876,0.38023846703275793,0.44645507509517046,
Precision,0.7682834151494438,0.7541811139418795,0.6670587626090019,0.8029431533378901,0.8208798272434636,
Recall,0.8181818181818181,0.790909090909091,0.7545454545454545,0.8,0.7636363636363637,
F1,0.7663437755543019,0.7633304195804196,0.6983228838491996,0.7775931853683049,0.7692170979267755,
AUPR,0.7544761904761904,0.6755238095238096,0.4578355445723866,0.5626124401913875,0.6832565212565213,
Accuracy,0.8181818181818181,0.790909090909091,0.7545454545454545,0.8,0.7636363636363637,
