,Run_0_CV_0,Run_0_CV_1,Run_0_CV_2,Run_0_CV_3,Run_0_CV_4
AUC,0.9764705882352941,0.6705882352941177,0.7764705882352941,0.9058823529411765,0.8470588235294118
MCC,0.5423261445466404,0.2057983021710106,0.561011491466461,0.49195203701447265,0.4311874002772672
Precision,0.8760330578512397,0.7318181818181819,0.8510822510822511,0.8311688311688311,0.8142968142968143
Recall,0.7272727272727273,0.7727272727272727,0.8181818181818182,0.7727272727272727,0.7272727272727273
F1,0.7491883116883119,0.7332397332397332,0.8276515151515151,0.7879539815023686,0.7480519480519482
AUPR,0.9380952380952381,0.5014718614718614,0.6571428571428571,0.8717948717948718,0.44777777777777783
Accuracy,0.7272727272727273,0.7727272727272727,0.8181818181818182,0.7727272727272727,0.7272727272727273
