,Run_0_CV_0,Run_0_CV_1,Run_0_CV_2,Run_0_CV_3,Run_0_CV_4
AUC,0.7176470588235294,0.8588235294117647,0.7411764705882353,0.6941176470588235,0.6941176470588236
MCC,0.2057983021710106,0.0,0.1005659937148103,0.2057983021710106,-0.11834526708278771
Precision,0.7318181818181819,0.597107438016529,0.6858054226475279,0.7318181818181819,0.5887445887445888
Recall,0.7727272727272727,0.7727272727272727,0.7272727272727273,0.7727272727272727,0.7272727272727273
F1,0.7332397332397332,0.6736596736596737,0.7007575757575757,0.7332397332397332,0.6507177033492823
AUPR,0.5460526315789473,0.7206043956043955,0.3372510822510822,0.31370129870129865,0.37156831472620944
Accuracy,0.7727272727272727,0.7727272727272727,0.7272727272727273,0.7727272727272727,0.7272727272727273
