,Run_0_CV_0,Run_0_CV_1,Run_0_CV_2,Run_0_CV_3,Run_0_CV_4
AUC,0.6941176470588235,0.9647058823529412,0.8117647058823529,0.5176470588235293,0.6941176470588235
MCC,0.4166305453899284,0.5830951894845301,0.3985266984930429,0.1005659937148103,0.4023739080814782
Precision,0.8022328548644336,0.884090909090909,0.7897727272727273,0.6858054226475279,0.8528138528138528
Recall,0.8181818181818182,0.8636363636363636,0.7727272727272727,0.7272727272727273,0.8181818181818182
F1,0.8005050505050505,0.8399438399438399,0.7796143250688705,0.7007575757575757,0.7671451355661882
AUPR,0.4935227272727272,0.8930952380952379,0.6647619047619048,0.26233709273182954,0.49934523809523806
Accuracy,0.8181818181818182,0.8636363636363636,0.7727272727272727,0.7272727272727273,0.8181818181818182
