,Run_0_CV_0,Run_0_CV_1,Run_0_CV_2,Run_0_CV_3,Run_0_CV_4
AUC,0.9882352941176471,0.9529411764705882,0.8235294117647058,0.9352941176470588,0.8823529411764706
MCC,0.7326950970650465,0.4023739080814782,-0.11834526708278771,0.5830951894845301,0.0
Precision,0.9186602870813396,0.8528138528138528,0.5887445887445888,0.884090909090909,0.597107438016529
Recall,0.9090909090909091,0.8181818181818182,0.7272727272727273,0.8636363636363636,0.7727272727272727
F1,0.9002525252525252,0.7671451355661882,0.6507177033492823,0.8399438399438399,0.6736596736596737
AUPR,0.9633333333333334,0.9055555555555557,0.4067857142857143,0.8367857142857142,0.6599206349206348
Accuracy,0.9090909090909091,0.8181818181818182,0.7272727272727273,0.8636363636363636,0.7727272727272727
