,Run_0_CV_0,Run_0_CV_1,Run_0_CV_2,Run_0_CV_3,Run_0_CV_4
AUC,0.9529411764705882,0.8823529411764706,0.8117647058823528,0.9294117647058824,0.7176470588235294
MCC,0.7326950970650465,0.0,0.32813879689547715,0.4166305453899284,0.1005659937148103
Precision,0.9186602870813396,0.597107438016529,0.7670995670995672,0.8022328548644336,0.6858054226475279
Recall,0.9090909090909091,0.7727272727272727,0.7272727272727273,0.8181818181818182,0.7272727272727273
F1,0.9002525252525252,0.6736596736596737,0.7414772727272727,0.8005050505050505,0.7007575757575757
AUPR,0.8746428571428572,0.861904761904762,0.4030555555555555,0.7747619047619048,0.4632539682539683
Accuracy,0.9090909090909091,0.7727272727272727,0.7272727272727273,0.8181818181818182,0.7272727272727273
